nodeID,networkCanvasEgoUUID,networkCanvasUUID,name,ng_close,alter_live_hometown_1,alter_live_hometown_0,alter_live_hometown_-1,alter_live_now_1,alter_live_now_0,alter_live_now_-1,alter_contact_freq,null
1,50e482de-574d-4a4c-b9f4-3576a02603bf,35a8f929-74d2-400f-84d6-1a93a4a4936f,Leonardo,true,true,false,false,true,false,false,2,
2,50e482de-574d-4a4c-b9f4-3576a02603bf,d15bd98a-b876-4ea3-b1c8-8de5f4f14096,Donatello,true,true,false,false,true,false,false,3,
3,50e482de-574d-4a4c-b9f4-3576a02603bf,0d542a0b-58e2-4be3-94f5-1e57fd48a1d0,Raphael,true,true,false,false,true,false,false,2,
4,50e482de-574d-4a4c-b9f4-3576a02603bf,331d81a6-6007-403c-9123-d258f09418fc,Michaelangelo,true,true,false,false,true,false,false,1,
5,50e482de-574d-4a4c-b9f4-3576a02603bf,75371d13-1944-4928-88d2-9fd134cbc21d,April,true,false,true,false,true,false,false,1,
