nodeID,networkCanvasEgoUUID,networkCanvasUUID,name,ng_close,alter_live_hometown_1,alter_live_hometown_0,alter_live_hometown_-1,alter_live_now_1,alter_live_now_0,alter_live_now_-1,alter_contact_freq,null
1,679e7d1d-6333-4d9d-aaed-4d4d0b04da08,8e63036c-cc56-4b95-b449-196781024be0,Bart,true,true,false,false,false,true,false,2,
2,679e7d1d-6333-4d9d-aaed-4d4d0b04da08,6ab6ab1f-a094-4b53-9d96-15848a4ecdae,Lisa,true,true,false,false,false,true,false,1,
3,679e7d1d-6333-4d9d-aaed-4d4d0b04da08,6544e138-519b-45f6-ab81-0040a3570838,Maggie,true,true,false,false,true,false,false,3,
4,679e7d1d-6333-4d9d-aaed-4d4d0b04da08,e315374d-3aef-48e4-8e55-3c55ee8d6e3c,Homer,true,true,false,false,true,false,false,3,
